{"returns": 90.80064392089844, "env_step": 9895936, "actor_loss": -0.037488311529159546, "critic_loss": 170.44725036621094, "entropy": 0.663480818271637, "total_loss": 170.40975952148438, "_timestamp": 1735036198.0473936, "_runtime": 672.1167416572571, "_step": 151}