{"returns": 84.36907958984375, "env_step": 983040, "actor_loss": -0.02847888693213463, "critic_loss": 188.07565307617188, "entropy": 0.8555092811584473, "total_loss": 188.04718017578125, "_timestamp": 1735034767.6422224, "_runtime": 72.85292649269104, "_step": 60}