{"returns": 91.28495788574219, "env_step": 9977856, "actor_loss": -0.04064953327178955, "critic_loss": 86.65803527832031, "entropy": 1.0557777881622314, "total_loss": 86.61737823486328, "_timestamp": 1735049299.3841558, "_runtime": 317.2901656627655, "_step": 609}